<?xml version="1.0" standalone="yes"?>
<DocumentElement>
  <Item>
    <C01>https://www.herca.org/about.asp?p=2</C01>
    <C02>MS SQL</C02>
    <C03>[BE] Belgium</C03>
    <C04>83.217.68.85</C04>
    <C05>02/15 10:53</C05>
  </Item>
  <Item>
    <C01>https://m.51pla.com/brand/show.asp?classid=43210</C01>
    <C02>MS SQL</C02>
    <C03>[CN] China</C03>
    <C04>183.129.194.46</C04>
    <C05>02/15 10:52</C05>
  </Item>
  <Item>
    <C01>https://www.modellbahnshop-lippe.com/index.asp?l=gb</C01>
    <C02>MS SQL</C02>
    <C03>[DE] Germany</C03>
    <C04>217.7.21.99</C04>
    <C05>02/15 10:46</C05>
  </Item>
  <Item>
    <C01>https://www.znds.com/member.php?mod=logging&amp;action=login&amp;referer=</C01>
    <C02>MySQL</C02>
    <C03>[CN] China</C03>
    <C04>116.253.29.232</C04>
    <C05>02/15 10:45</C05>
  </Item>
  <Item>
    <C01>http://www.zenirgy.com/product.asp?ID=14</C01>
    <C02>MS SQL</C02>
    <C03>[US] United States</C03>
    <C04>96.31.36.21</C04>
    <C05>02/15 10:40</C05>
  </Item>
  <Item>
    <C01>http://www.universalhandling.com/uheweb/z_contact/contact.aspx?r=3</C01>
    <C02>MS SQL</C02>
    <C03>[US] United States</C03>
    <C04>209.17.116.8</C04>
    <C05>02/15 10:39</C05>
  </Item>
  <Item>
    <C01>https://crpc.nyrgs.org/show.php?q=7</C01>
    <C02>MySQL</C02>
    <C03>[US] United States</C03>
    <C04>74.208.236.102</C04>
    <C05>02/15 10:38</C05>
  </Item>
  <Item>
    <C01>http://www.music.lv/bachfestival/en/index.asp?pageId=830</C01>
    <C02>MS SQL</C02>
    <C03>[LV] Latvia</C03>
    <C04>5.179.20.1</C04>
    <C05>02/15 10:38</C05>
  </Item>
  <Item>
    <C01>http://www.starhillgallery.com/shownews.asp?newsid=63692</C01>
    <C02>MS SQL</C02>
    <C03>[MY] Malaysia</C03>
    <C04>124.195.132.6</C04>
    <C05>02/15 10:37</C05>
  </Item>
  <Item>
    <C01>http://www.kungsholmenrunt.se/Main/ShowNews.asp?NewsId=999</C01>
    <C02>MS SQL</C02>
    <C03>[SE] Sweden</C03>
    <C04>81.91.10.231</C04>
    <C05>02/15 10:35</C05>
  </Item>
  <Item>
    <C01>http://www.zukermangore.com/contact.php?</C01>
    <C02>MySQL</C02>
    <C03>[US] United States</C03>
    <C04>50.63.222.164</C04>
    <C05>02/15 10:35</C05>
  </Item>
  <Item>
    <C01>http://www.meiselgallery.com/lkmg/artist/index.php?aid=106</C01>
    <C02>MySQL</C02>
    <C03>[US] United States</C03>
    <C04>216.119.80.81</C04>
    <C05>02/15 10:33</C05>
  </Item>
  <Item>
    <C01>http://www.ampak.com.tw/product.php?id=21</C01>
    <C02>MySQL</C02>
    <C03>[TW] Taiwan, Province of China</C03>
    <C04>211.75.123.141</C04>
    <C05>02/15 10:32</C05>
  </Item>
  <Item>
    <C01>http://www.apjsingapore.com/single-product.php?product_id=327</C01>
    <C02>MySQL</C02>
    <C03>[--] N/A</C03>
    <C04>104.24.127.243</C04>
    <C05>02/15 10:32</C05>
  </Item>
  <Item>
    <C01>https://urbanplanning.dssopt.gov.mo/pt/shownews.php?id=17</C01>
    <C02>MySQL</C02>
    <C03>[MO] Macao</C03>
    <C04>202.175.82.222</C04>
    <C05>02/15 10:31</C05>
  </Item>
</DocumentElement>